Name,Region
Abbotsbury,Western Suburbs
Abbotsford,Inner West
Airds,South West
Alexandria,Inner South
Allambie Heights,Northern Beaches
Allawah,Southern Suburbs
Ambarvale,South West
Annandale,Inner West
Annangrove,Hills Shire
Appin,South West
Arncliffe,Southern Suburbs
Artarmon,North Shore
Ashbury,Inner West
Ashcroft,Western Suburbs
Ashfield,Inner West
Asquith,Northern Suburbs
Auburn,Western Suburbs
Avalon Beach,Northern Beaches
Balgowlah,Northern Beaches
Balmain,Inner West
Bangor,Sutherland Shire
Banksia,Southern Suburbs
Bankstown,Western Suburbs
Barden Ridge,Sutherland Shire
Bardwell Park,Southern Suburbs
Bardwell Valley,Southern Suburbs
Bass Hill,Western Suburbs
Baulkham Hills,Hills Shire
Beaconsfield,Southern Suburbs
Beecroft,Hills Shire
Bella Vista,Hills Shire
Bellevue Hill,Eastern Suburbs
Belmore,Western Suburbs
Belrose,Northern Beaches
Berala,Western Suburbs
Berowra,Northern Suburbs
Beverly Hills,Southern Suburbs
Bexley,Southern Suburbs
Bexley North,Southern Suburbs
Bidwill,Western Suburbs
Birchgrove,Inner West
Birrong,Western Suburbs
Blackett,Western Suburbs
Blacktown,Western Suburbs
Blakehurst,Southern Suburbs
Bondi,Eastern Suburbs
Bonnet Bay,Sutherland Shire
Botany,Southern Suburbs
Bradbury,South West
Breakfast Point,Inner West
Brighton-le-Sands,Southern Suburbs
Bronte,Eastern Suburbs
Brookvale,Northern Beaches
Burwood,Inner West
Busby,South West
Cabarita,Inner West
Cabramatta,Western Suburbs
Camden,South West
Cammeray,Lower North Shore
Campbelltown,Western Suburbs
Camperdown,Inner West
Campsie,Western Suburbs
Canley Vale,Western Suburbs
Canterbury,Western Suburbs
Caringbah,Sutherland Shire
Carlingford,Western Suburbs
Carlton,Southern Suburbs
Castle Cove,Lower North Shore
Castle Hill,Hills Shire
Castlereagh,Western Suburbs
Casula,Western Suburbs
Chatswood,North Shore
Cheltenham,North Shore
Cherrybrook,Hills Shire
Chester Hill,Western Suburbs
Chifley,Southern Suburbs
Chippendale,Sydney City
Chiswick,Inner West
Claymore,South West
Clemton Park,Southern Suburbs
Clontarf,Northern Beaches
Clovelly,Eastern Suburbs
Cobbitty,South West
Colebee,Western Suburbs
Collaroy,Northern Beaches
Colyton,Western Suburbs
Como,Sutherland Shire
Concord,Inner West
Condell Park,Western Suburbs
Constitution Hill,Western Suburbs
Coogee,Eastern Suburbs
Cranebrook,Western Suburbs
Cremorne,Lower North Shore
Cromer,Northern Beaches
Cronulla,Sutherland Shire
Crows Nest,Lower North Shore
Croydon,Inner West
Curl Curl,Northern Beaches
Daceyville,Eastern Suburbs
Darling Point,Eastern Suburbs
Darlinghurst,Sydney City
Darlington,Sydney City
Davidson,Northern Suburbs
Dee Why,Northern Beaches
Denistone,North Shore
Dharruk,Western Suburbs
Dolls Point,Southern Suburbs
Doonside,Western Suburbs
Double Bay,Eastern Suburbs
Drummoyne,Inner West
Dulwich Hill,Inner West
Dundas,North Shore
Dural,Hills Shire
Earlwood,Inner West
East Hills,Western Suburbs
Eastern Creek,Western Suburbs
Eastlakes,Southern Suburbs
Eastwood,North Shore
Edgecliff,Eastern Suburbs
Edmondson Park,South West
Elderslie,South West
Elizabeth Bay,Eastern Suburbs
Emerton,Western Suburbs
Emu Plains,Western Suburbs
Enfield,Inner West
Engadine,Sutherland Shire
Enmore,Inner West
Epping,Northern Suburbs
Ermington,North Shore
Erskine Park,Western Suburbs
Erskineville,Inner South
Fairfield,Western Suburbs
Fairlight,Northern Beaches
Five Dock,Inner West
Forest Lodge,Inner West
Forestville,Northern Beaches
Frenchs Forest,Northern Beaches
Freshwater,Northern Beaches
Galston,Northern Suburbs
Girraween,Western Suburbs
Gladesville,North Shore
Glebe,Inner West
Glenfield,Western Suburbs
Glenhaven,Hills Shire
Glenwood,Hills Shire
Gordon,Upper North Shore
Granville,Western Suburbs
Greenacre,Western Suburbs
Greenwich,Lower North Shore
Greystanes,Western Suburbs
Guildford,Western Suburbs
Gymea,Sutherland Shire
Haberfield,Inner West
Hammondville,Western Suburbs
Harrington Park,South West
Harris Park,Western Suburbs
Haymarket,Sydney City
Heathcote,Sutherland Shire
Hebersham,Western Suburbs
Hillsdale,Southern Suburbs
Hinchinbrook,Western Suburbs
Holroyd,Western Suburbs
Holsworthy,Western Suburbs
Homebush,Inner West
Hornsby,Upper North Shore
Horsley Park,Western Suburbs
Hoxton Park,Western Suburbs
Hunters Hill,Lower North Shore
Hurlstone Park,Inner West
Hurstville,Southern Suburbs
Illawong,Sutherland Shire
Ingleburn,South West
Jamisontown,Western Suburbs
Jannali,Sutherland Shire
Kareela,Sutherland Shire
Kearns,South West
Kellyville,Hills Shire
Kensington,Eastern Suburbs
Kenthurst,Hills Shire
Killara,Northern Suburbs
Killarney Heights,Northern Beaches
Kings Langley,Western Suburbs
Kings Park,Western Suburbs
Kingsford,Eastern Suburbs
Kingsgrove,Southern Suburbs
Kingswood,Western Suburbs
Kirrawee,Sutherland Shire
Kirribilli,Lower North Shore
Kogarah,Southern Suburbs
Kurnell,Sutherland Shire
Kurrajong,Northern Suburbs
Kyeemagh,Southern Suburbs
Kyle Bay,Southern Suburbs
Lakemba,Western Suburbs
Lalor Park,Western Suburbs
Lane Cove,Lower North Shore
Lansvale,Western Suburbs
Lavender Bay,Lower North Shore
Leichhardt,Inner West
Leppington,South West
Lethbridge Park,Western Suburbs
Leumeah,South West
Lewisham,Inner West
Lidcombe,Western Suburbs
Lilli Pilli,Sutherland Shire
Lilyfield,Inner West
Lindfield,North Shore
Little Bay,Southern Suburbs
Liverpool,Western Suburbs
Llandilo,Western Suburbs
Loftus,Sutherland Shire
Londonderry,Western Suburbs
Longueville,Lower North Shore
Luddenham,Western Suburbs
Lugarno,Southern Suburbs
Lurnea,Western Suburbs
Macquarie Fields,South West
Macquarie Park,North Shore
Malabar,Southern Suburbs
Manly,Northern Beaches
Manly Vale,Northern Beaches
Maraylya,Northern Suburbs
Marayong,Western Suburbs
Maroubra,Eastern Suburbs
Marrickville,Inner West
Marsden Park,Western Suburbs
Marsfield,North Shore
Mascot,Southern Suburbs
Matraville,Southern Suburbs
McMahons Point,Lower North Shore
Meadowbank,North Shore
Melrose Park,North Shore
Menai,Sutherland Shire
Merrylands,Western Suburbs
Middle Cove,Lower North Shore
Middleton Grange,Western Suburbs
Miller,Western Suburbs
Millers Point,Sydney City
Milperra,Western Suburbs
Milsons Point,Lower North Shore
Minchinbury,Western Suburbs
Minto,South West
Miranda,Sutherland Shire
Mona Vale,Northern Beaches
Monterey,Southern Suburbs
Moorebank,Western Suburbs
Mortdale,Southern Suburbs
Mortlake,Inner West
Mosman,North Shore
Mount Annan,South West
Mount Colah,Northern Suburbs
Mount Druitt,Western Suburbs
Mount Lewis,Western Suburbs
Mount Pritchard,Western Suburbs
Mount Vernon,Western Suburbs
Mulgoa,Western Suburbs
Narellan,South West
Naremburn,Lower North Shore
Narrabeen,Northern Beaches
Narraweena,Northern Beaches
Narwee,Southern Suburbs
Neutral Bay,Lower North Shore
Newington,Western Suburbs
Newport,Northern Beaches
Newtown,Inner West
Normanhurst,Upper North Shore
North Rocks,Hills Shire
North Sydney,Lower North Shore
Northbridge,Lower North Shore
Northmead,Western Suburbs
Northwood,Lower North Shore
Oakhurst,Western Suburbs
Oakville,Northern Suburbs
Oatlands,Western Suburbs
Oatley,Southern Suburbs
Oran Park,South West
Orchard Hills,Western Suburbs
Oxley Park,Western Suburbs
Oyster Bay,Sutherland Shire
Paddington,Inner East
Padstow,Western Suburbs
Pagewood,Southern Suburbs
Palm Beach,Northern Beaches
Panania,Western Suburbs
Parklea,Western Suburbs
Parramatta,Western Suburbs
Peakhurst,Southern Suburbs
Pemulwuy,Western Suburbs
Pendle Hill,Western Suburbs
Pennant Hills,Hills Shire
Penrith,Western Suburbs
Penshurst,Southern Suburbs
Petersham,Inner West
Picnic Point,Western Suburbs
Pitt Town,Northern Suburbs
Plumpton,Western Suburbs
Point Piper,Eastern Suburbs
"Ponds, The",Hills Shire
Port Hacking,Sutherland Shire
Potts Point,Inner East
Prairiewood,Western Suburbs
Prestons,Western Suburbs
Prospect,Western Suburbs
Punchbowl,Western Suburbs
Putney,North Shore
Pymble,Upper North Shore
Pyrmont,Sydney City
Quakers Hill,Western Suburbs
Queens Park,Eastern Suburbs
Queenscliff,Northern Beaches
Raby,South West
Ramsgate,Southern Suburbs
Randwick,Eastern Suburbs
Redfern,Inner East
Regents Park,Western Suburbs
Revesby,Western Suburbs
Rhodes,Inner West
Richmond,Northern Suburbs
Riverstone,Hills Shire
Riverview,Lower North Shore
Riverwood,Western Suburbs
Rockdale,Southern Suburbs
Rodd Point,Inner West
Rooty Hill,Western Suburbs
Ropes Crossing,Western Suburbs
Rose Bay,Eastern Suburbs
Rosebery,Inner South
Rosehill,Western Suburbs
Roselands,Western Suburbs
Rosemeadow,South West
Roseville,North Shore
Rossmore,Western Suburbs
Rouse Hill,Hills Shire
Rozelle,Inner West
Ruse,South West
Rushcutters Bay,Eastern Suburbs
Russell Lea,Inner West
Rydalmere,Western Suburbs
Ryde,Northern Suburbs
Sadleir,Western Suburbs
Sandringham,Southern Suburbs
Sans Souci,Southern Suburbs
Schofields,Western Suburbs
Seaforth,Northern Beaches
Sefton,Western Suburbs
Seven Hills,Hills Shire
Shalvey,Western Suburbs
Silverwater,Western Suburbs
Smithfield,Western Suburbs
Spring Farm,South West
St Andrews,South West
St Clair,Western Suburbs
St Helens Park,South West
St Ives,Upper North Shore
St Johns Park,Western Suburbs
St Leonards,Lower North Shore
St Marys,Western Suburbs
St Peters,Inner West
Stanhope Gardens,Western Suburbs
Stanmore,Inner West
Strathfield,Inner West
Summer Hill,Inner West
Surry Hills,Inner East
Sutherland,Sutherland Shire
Sydenham,Inner West
Sylvania,Sutherland Shire
Tamarama,Eastern Suburbs
Taren Point,Sutherland Shire
Telopea,Western Suburbs
Tempe,Inner West
Terrey Hills,Northern Suburbs
Thornleigh,Upper North Shore
Toongabbie,Western Suburbs
Tregear,Western Suburbs
Turramurra,North Shore
Turrella,Southern Suburbs
Ultimo,Sydney City
Vaucluse,Eastern Suburbs
Villawood,Western Suburbs
Wahroonga,Upper North Shore
Waitara,Upper North Shore
Wakeley,Western Suburbs
Wallacia,Western Suburbs
Wareemba,Inner West
Warrawee,Upper North Shore
Warriewood,Northern Beaches
Warwick Farm,Western Suburbs
Waterloo,Inner South
Watsons Bay,Eastern Suburbs
Wattle Grove,Western Suburbs
Waverley,Eastern Suburbs
Waverton,Lower North Shore
Wentworth Point,Inner West
Wentworthville,Western Suburbs
Werrington,Western Suburbs
West Ryde,North Shore
Westleigh,Northern Suburbs
Westmead,Western Suburbs
Wetherill Park,Western Suburbs
Whalan,Western Suburbs
Wheeler Heights,Northern Beaches
Wilberforce,Northern Suburbs
Wiley Park,Western Suburbs
Willmot,Western Suburbs
Willoughby,Lower North Shore
Windsor,Northern Suburbs
Winston Hills,Western Suburbs
Wolli Creek,Southern Suburbs
Wollstonecraft,Lower North Shore
Woodbine,South West
Woodcroft,Western Suburbs
Woodpark,Western Suburbs
Woollahra,Eastern Suburbs
Woolloomooloo,Sydney City
Woolooware,Sutherland Shire
Woronora,Sutherland Shire
Yagoona,Western Suburbs
Yarrawarrah,Sutherland Shire
Yennora,Western Suburbs
Yowie Bay,Sutherland Shire
Zetland,Inner East
North Parramatta,Western Suburbs
South Hurstville,Southern Suburbs
East Lindfield,Upper North Shore
North Epping,North Shore
Sydney,Sydney City
West Pymble,Upper North Shore
Redlands,North Shore
Bonnyrigg,Western Suburbs
North Ryde,Northern Suburbs
Collaroy Plateau,Northern Beaches
Greenfield Park,Western Suburbs
Maroubra Junction,Eastern Suburbs
Clifton Gardens,Lower North Shore
The Ponds,Western Suburbs
North Turramurra,North Shore
Bondi Junction,Eastern Suburbs
Maroubra Beach,Eastern Suburbs
Balmain East,Inner West
North Strathfield,Inner West
Concord West,Inner West
Austral,South West
Ingleside,Northern Beaches
Bondi Beach,Eastern Suburbs
West Pennant Hills,North Shore
Balgowlah North,Northern Beaches
Croydon Park,Inner West
Berowra Heights,Upper North Shore
Oxford Falls,Northern Beaches
Randwick North,Eastern Suburbs
Bilgola Plateau,Northern Beaches
Hurstville South,Southern Suburbs
Glenorie,Hills Shire
Beacon Hill,Northern Beaches
South Coogee,Eastern Suburbs
Croa,Sutherland Shire
North Kellyville,Hills Shire
Beaumont Hills,Hills Shire
North Curl Curl,Northern Beaches
Acacia Gardens,Hills Shire
Grays Point,Sutherland Shire
Dover Heights,Eastern Suburbs
Kellyville Ridge,Hills Shire
Arcadia,Hills Shire
Glenwood Park,Hills Shire
Gymea Bay,Sutherland Shire
Elanora Heights,Northern Beaches
Leichhardt North,Inner West
Georges Hall,South West
Bilpin,Northern Suburbs
Marsden,Western Suburbs
Turramurra South,Upper North Shore
Woolwich,Lower North Shore
Turramurra North,Upper North Shore
Avalon,Northern Beaches
